[{"model": "admin.logentry", "pk": 1, "fields": {"action_time": "2022-06-20T18:22:49.565Z", "user": 1, "content_type": 7, "object_id": "1", "object_repr": "Geovani Paz", "action_flag": 1, "change_message": "[{\"added\": {}}]"}}, {"model": "admin.logentry", "pk": 2, "fields": {"action_time": "2022-06-20T18:23:52.538Z", "user": 1, "content_type": 8, "object_id": "1", "object_repr": "Programação", "action_flag": 1, "change_message": "[{\"added\": {}}]"}}, {"model": "admin.logentry", "pk": 3, "fields": {"action_time": "2022-06-20T18:23:59.330Z", "user": 1, "content_type": 8, "object_id": "2", "object_repr": "Redes", "action_flag": 1, "change_message": "[{\"added\": {}}]"}}, {"model": "admin.logentry", "pk": 4, "fields": {"action_time": "2022-06-20T18:24:09.718Z", "user": 1, "content_type": 8, "object_id": "3", "object_repr": "Ciencia de Dados", "action_flag": 1, "change_message": "[{\"added\": {}}]"}}, {"model": "admin.logentry", "pk": 5, "fields": {"action_time": "2022-06-20T18:24:17.405Z", "user": 1, "content_type": 8, "object_id": "4", "object_repr": "IA", "action_flag": 1, "change_message": "[{\"added\": {}}]"}}, {"model": "admin.logentry", "pk": 6, "fields": {"action_time": "2022-06-20T18:27:05.772Z", "user": 1, "content_type": 9, "object_id": "1", "object_repr": "Programação com Django", "action_flag": 1, "change_message": "[{\"added\": {}}]"}}, {"model": "admin.logentry", "pk": 7, "fields": {"action_time": "2022-06-21T17:33:41.478Z", "user": 1, "content_type": 17, "object_id": "1", "object_repr": "um comentário qialquer", "action_flag": 1, "change_message": "[{\"added\": {}}]"}}, {"model": "admin.logentry", "pk": 8, "fields": {"action_time": "2022-06-21T17:34:28.753Z", "user": 1, "content_type": 16, "object_id": "1", "object_repr": "responta ao comentário qualquer", "action_flag": 1, "change_message": "[{\"added\": {}}]"}}, {"model": "admin.logentry", "pk": 9, "fields": {"action_time": "2022-06-21T17:35:24.952Z", "user": 1, "content_type": 9, "object_id": "1", "object_repr": "Programação com Django", "action_flag": 2, "change_message": "[{\"changed\": {\"fields\": [\"Comment\"]}}]"}}, {"model": "admin.logentry", "pk": 10, "fields": {"action_time": "2022-06-21T17:35:33.347Z", "user": 1, "content_type": 9, "object_id": "1", "object_repr": "Programação com Django", "action_flag": 2, "change_message": "[]"}}, {"model": "admin.logentry", "pk": 11, "fields": {"action_time": "2022-06-21T17:53:50.459Z", "user": 1, "content_type": 9, "object_id": "1", "object_repr": "Programação com Django", "action_flag": 2, "change_message": "[]"}}, {"model": "admin.logentry", "pk": 12, "fields": {"action_time": "2022-06-21T18:12:26.937Z", "user": 1, "content_type": 17, "object_id": "1", "object_repr": "um comentário qialquer", "action_flag": 2, "change_message": "[]"}}, {"model": "admin.logentry", "pk": 13, "fields": {"action_time": "2022-06-21T18:54:18.246Z", "user": 1, "content_type": 16, "object_id": "2", "object_repr": "resposta ao comentario", "action_flag": 1, "change_message": "[{\"added\": {}}]"}}, {"model": "admin.logentry", "pk": 14, "fields": {"action_time": "2022-06-21T18:54:40.230Z", "user": 1, "content_type": 17, "object_id": "1", "object_repr": "um comentário qialquer", "action_flag": 2, "change_message": "[{\"changed\": {\"fields\": [\"Replies\"]}}]"}}, {"model": "admin.logentry", "pk": 15, "fields": {"action_time": "2022-06-21T18:57:29.472Z", "user": 1, "content_type": 17, "object_id": "1", "object_repr": "um comentário qialquer", "action_flag": 2, "change_message": "[{\"changed\": {\"fields\": [\"Replies\"]}}]"}}, {"model": "admin.logentry", "pk": 16, "fields": {"action_time": "2022-06-21T18:57:48.792Z", "user": 1, "content_type": 17, "object_id": "1", "object_repr": "um comentário qialquer", "action_flag": 2, "change_message": "[{\"changed\": {\"fields\": [\"Replies\"]}}]"}}, {"model": "admin.logentry", "pk": 17, "fields": {"action_time": "2022-06-22T00:00:20.205Z", "user": 1, "content_type": 9, "object_id": "2", "object_repr": "Introdução a Redes de Computadores", "action_flag": 1, "change_message": "[{\"added\": {}}]"}}, {"model": "admin.logentry", "pk": 18, "fields": {"action_time": "2022-06-22T00:00:45.351Z", "user": 1, "content_type": 17, "object_id": "2", "object_repr": "redes é legal", "action_flag": 1, "change_message": "[{\"added\": {}}]"}}, {"model": "admin.logentry", "pk": 19, "fields": {"action_time": "2022-06-22T00:00:59.929Z", "user": 1, "content_type": 17, "object_id": "3", "object_repr": "muito boa leitura", "action_flag": 1, "change_message": "[{\"added\": {}}]"}}, {"model": "admin.logentry", "pk": 20, "fields": {"action_time": "2022-06-22T00:01:16.576Z", "user": 1, "content_type": 9, "object_id": "2", "object_repr": "Introdução a Redes de Computadores", "action_flag": 2, "change_message": "[{\"changed\": {\"fields\": [\"Comments\"]}}]"}}, {"model": "admin.logentry", "pk": 21, "fields": {"action_time": "2022-06-22T18:10:15.490Z", "user": 1, "content_type": 4, "object_id": "3", "object_repr": "calleri", "action_flag": 3, "change_message": ""}}, {"model": "admin.logentry", "pk": 22, "fields": {"action_time": "2022-06-23T13:13:55.385Z", "user": 1, "content_type": 9, "object_id": "3", "object_repr": "Programação Java", "action_flag": 2, "change_message": "[{\"changed\": {\"fields\": [\"Content\", \"Categories\", \"Approved\", \"Tags\"]}}]"}}, {"model": "admin.logentry", "pk": 23, "fields": {"action_time": "2022-06-23T13:17:16.670Z", "user": 1, "content_type": 9, "object_id": "4", "object_repr": "aprender TCP/IP", "action_flag": 3, "change_message": ""}}, {"model": "admin.logentry", "pk": 24, "fields": {"action_time": "2022-06-24T19:03:09.520Z", "user": 1, "content_type": 9, "object_id": "6", "object_repr": "Big data hoje", "action_flag": 2, "change_message": "[{\"changed\": {\"fields\": [\"Content\", \"Categories\", \"Approved\", \"Tags\"]}}]"}}, {"model": "admin.logentry", "pk": 25, "fields": {"action_time": "2022-06-24T19:10:46.938Z", "user": 1, "content_type": 9, "object_id": "7", "object_repr": "Redes neurais", "action_flag": 2, "change_message": "[{\"changed\": {\"fields\": [\"Content\", \"Categories\", \"Approved\", \"Tags\"]}}]"}}, {"model": "admin.logentry", "pk": 26, "fields": {"action_time": "2022-06-26T17:34:24.742Z", "user": 1, "content_type": 17, "object_id": "6", "object_repr": "vamos estudar", "action_flag": 1, "change_message": "[{\"added\": {}}]"}}, {"model": "admin.logentry", "pk": 27, "fields": {"action_time": "2022-06-26T17:34:27.807Z", "user": 1, "content_type": 9, "object_id": "1", "object_repr": "Programação com Django", "action_flag": 2, "change_message": "[{\"changed\": {\"fields\": [\"Comments\"]}}]"}}, {"model": "admin.logentry", "pk": 28, "fields": {"action_time": "2022-06-26T17:35:51.436Z", "user": 1, "content_type": 9, "object_id": "3", "object_repr": "Programação Java", "action_flag": 2, "change_message": "[{\"changed\": {\"fields\": [\"Closed\"]}}]"}}, {"model": "auth.permission", "pk": 1, "fields": {"name": "Can add log entry", "content_type": 1, "codename": "add_logentry"}}, {"model": "auth.permission", "pk": 2, "fields": {"name": "Can change log entry", "content_type": 1, "codename": "change_logentry"}}, {"model": "auth.permission", "pk": 3, "fields": {"name": "Can delete log entry", "content_type": 1, "codename": "delete_logentry"}}, {"model": "auth.permission", "pk": 4, "fields": {"name": "Can view log entry", "content_type": 1, "codename": "view_logentry"}}, {"model": "auth.permission", "pk": 5, "fields": {"name": "Can add permission", "content_type": 2, "codename": "add_permission"}}, {"model": "auth.permission", "pk": 6, "fields": {"name": "Can change permission", "content_type": 2, "codename": "change_permission"}}, {"model": "auth.permission", "pk": 7, "fields": {"name": "Can delete permission", "content_type": 2, "codename": "delete_permission"}}, {"model": "auth.permission", "pk": 8, "fields": {"name": "Can view permission", "content_type": 2, "codename": "view_permission"}}, {"model": "auth.permission", "pk": 9, "fields": {"name": "Can add group", "content_type": 3, "codename": "add_group"}}, {"model": "auth.permission", "pk": 10, "fields": {"name": "Can change group", "content_type": 3, "codename": "change_group"}}, {"model": "auth.permission", "pk": 11, "fields": {"name": "Can delete group", "content_type": 3, "codename": "delete_group"}}, {"model": "auth.permission", "pk": 12, "fields": {"name": "Can view group", "content_type": 3, "codename": "view_group"}}, {"model": "auth.permission", "pk": 13, "fields": {"name": "Can add user", "content_type": 4, "codename": "add_user"}}, {"model": "auth.permission", "pk": 14, "fields": {"name": "Can change user", "content_type": 4, "codename": "change_user"}}, {"model": "auth.permission", "pk": 15, "fields": {"name": "Can delete user", "content_type": 4, "codename": "delete_user"}}, {"model": "auth.permission", "pk": 16, "fields": {"name": "Can view user", "content_type": 4, "codename": "view_user"}}, {"model": "auth.permission", "pk": 17, "fields": {"name": "Can add content type", "content_type": 5, "codename": "add_contenttype"}}, {"model": "auth.permission", "pk": 18, "fields": {"name": "Can change content type", "content_type": 5, "codename": "change_contenttype"}}, {"model": "auth.permission", "pk": 19, "fields": {"name": "Can delete content type", "content_type": 5, "codename": "delete_contenttype"}}, {"model": "auth.permission", "pk": 20, "fields": {"name": "Can view content type", "content_type": 5, "codename": "view_contenttype"}}, {"model": "auth.permission", "pk": 21, "fields": {"name": "Can add session", "content_type": 6, "codename": "add_session"}}, {"model": "auth.permission", "pk": 22, "fields": {"name": "Can change session", "content_type": 6, "codename": "change_session"}}, {"model": "auth.permission", "pk": 23, "fields": {"name": "Can delete session", "content_type": 6, "codename": "delete_session"}}, {"model": "auth.permission", "pk": 24, "fields": {"name": "Can view session", "content_type": 6, "codename": "view_session"}}, {"model": "auth.permission", "pk": 25, "fields": {"name": "Can add author", "content_type": 7, "codename": "add_author"}}, {"model": "auth.permission", "pk": 26, "fields": {"name": "Can change author", "content_type": 7, "codename": "change_author"}}, {"model": "auth.permission", "pk": 27, "fields": {"name": "Can delete author", "content_type": 7, "codename": "delete_author"}}, {"model": "auth.permission", "pk": 28, "fields": {"name": "Can view author", "content_type": 7, "codename": "view_author"}}, {"model": "auth.permission", "pk": 29, "fields": {"name": "Can add category", "content_type": 8, "codename": "add_category"}}, {"model": "auth.permission", "pk": 30, "fields": {"name": "Can change category", "content_type": 8, "codename": "change_category"}}, {"model": "auth.permission", "pk": 31, "fields": {"name": "Can delete category", "content_type": 8, "codename": "delete_category"}}, {"model": "auth.permission", "pk": 32, "fields": {"name": "Can view category", "content_type": 8, "codename": "view_category"}}, {"model": "auth.permission", "pk": 33, "fields": {"name": "Can add post", "content_type": 9, "codename": "add_post"}}, {"model": "auth.permission", "pk": 34, "fields": {"name": "Can change post", "content_type": 9, "codename": "change_post"}}, {"model": "auth.permission", "pk": 35, "fields": {"name": "Can delete post", "content_type": 9, "codename": "delete_post"}}, {"model": "auth.permission", "pk": 36, "fields": {"name": "Can view post", "content_type": 9, "codename": "view_post"}}, {"model": "auth.permission", "pk": 37, "fields": {"name": "Can add Blacklisted IP", "content_type": 10, "codename": "add_blacklistip"}}, {"model": "auth.permission", "pk": 38, "fields": {"name": "Can change Blacklisted IP", "content_type": 10, "codename": "change_blacklistip"}}, {"model": "auth.permission", "pk": 39, "fields": {"name": "Can delete Blacklisted IP", "content_type": 10, "codename": "delete_blacklistip"}}, {"model": "auth.permission", "pk": 40, "fields": {"name": "Can view Blacklisted IP", "content_type": 10, "codename": "view_blacklistip"}}, {"model": "auth.permission", "pk": 41, "fields": {"name": "Can add Blacklisted User Agent", "content_type": 11, "codename": "add_blacklistuseragent"}}, {"model": "auth.permission", "pk": 42, "fields": {"name": "Can change Blacklisted User Agent", "content_type": 11, "codename": "change_blacklistuseragent"}}, {"model": "auth.permission", "pk": 43, "fields": {"name": "Can delete Blacklisted User Agent", "content_type": 11, "codename": "delete_blacklistuseragent"}}, {"model": "auth.permission", "pk": 44, "fields": {"name": "Can view Blacklisted User Agent", "content_type": 11, "codename": "view_blacklistuseragent"}}, {"model": "auth.permission", "pk": 45, "fields": {"name": "Can add hit", "content_type": 12, "codename": "add_hit"}}, {"model": "auth.permission", "pk": 46, "fields": {"name": "Can change hit", "content_type": 12, "codename": "change_hit"}}, {"model": "auth.permission", "pk": 47, "fields": {"name": "Can delete hit", "content_type": 12, "codename": "delete_hit"}}, {"model": "auth.permission", "pk": 48, "fields": {"name": "Can view hit", "content_type": 12, "codename": "view_hit"}}, {"model": "auth.permission", "pk": 49, "fields": {"name": "Can add hit count", "content_type": 13, "codename": "add_hitcount"}}, {"model": "auth.permission", "pk": 50, "fields": {"name": "Can change hit count", "content_type": 13, "codename": "change_hitcount"}}, {"model": "auth.permission", "pk": 51, "fields": {"name": "Can delete hit count", "content_type": 13, "codename": "delete_hitcount"}}, {"model": "auth.permission", "pk": 52, "fields": {"name": "Can view hit count", "content_type": 13, "codename": "view_hitcount"}}, {"model": "auth.permission", "pk": 53, "fields": {"name": "Can add tag", "content_type": 14, "codename": "add_tag"}}, {"model": "auth.permission", "pk": 54, "fields": {"name": "Can change tag", "content_type": 14, "codename": "change_tag"}}, {"model": "auth.permission", "pk": 55, "fields": {"name": "Can delete tag", "content_type": 14, "codename": "delete_tag"}}, {"model": "auth.permission", "pk": 56, "fields": {"name": "Can view tag", "content_type": 14, "codename": "view_tag"}}, {"model": "auth.permission", "pk": 57, "fields": {"name": "Can add tagged item", "content_type": 15, "codename": "add_taggeditem"}}, {"model": "auth.permission", "pk": 58, "fields": {"name": "Can change tagged item", "content_type": 15, "codename": "change_taggeditem"}}, {"model": "auth.permission", "pk": 59, "fields": {"name": "Can delete tagged item", "content_type": 15, "codename": "delete_taggeditem"}}, {"model": "auth.permission", "pk": 60, "fields": {"name": "Can view tagged item", "content_type": 15, "codename": "view_taggeditem"}}, {"model": "auth.permission", "pk": 61, "fields": {"name": "Can add reply", "content_type": 16, "codename": "add_reply"}}, {"model": "auth.permission", "pk": 62, "fields": {"name": "Can change reply", "content_type": 16, "codename": "change_reply"}}, {"model": "auth.permission", "pk": 63, "fields": {"name": "Can delete reply", "content_type": 16, "codename": "delete_reply"}}, {"model": "auth.permission", "pk": 64, "fields": {"name": "Can view reply", "content_type": 16, "codename": "view_reply"}}, {"model": "auth.permission", "pk": 65, "fields": {"name": "Can add comment", "content_type": 17, "codename": "add_comment"}}, {"model": "auth.permission", "pk": 66, "fields": {"name": "Can change comment", "content_type": 17, "codename": "change_comment"}}, {"model": "auth.permission", "pk": 67, "fields": {"name": "Can delete comment", "content_type": 17, "codename": "delete_comment"}}, {"model": "auth.permission", "pk": 68, "fields": {"name": "Can view comment", "content_type": 17, "codename": "view_comment"}}, {"model": "auth.user", "pk": 1, "fields": {"password": "pbkdf2_sha256$320000$Aexjqx7Z0E7pbV1jLhtcJa$pXPUS+jZJY0TvDmUo8PrwtIbdeG1GqNqCHRseCVDyFc=", "last_login": "2022-06-22T12:59:17.743Z", "is_superuser": true, "username": "geovani", "first_name": "", "last_name": "", "email": "geovani@gmil.com", "is_staff": true, "is_active": true, "date_joined": "2022-06-20T18:17:48.434Z", "groups": [], "user_permissions": []}}, {"model": "auth.user", "pk": 2, "fields": {"password": "pbkdf2_sha256$320000$OCu6oI3f44GXj4CPaV4RkS$conBMWU8m2VLL43vRSUDzkXhczHKRSeeBkCLM24DnGA=", "last_login": "2022-06-22T13:15:05.587Z", "is_superuser": false, "username": "jogadoido", "first_name": "", "last_name": "", "email": "", "is_staff": false, "is_active": true, "date_joined": "2022-06-22T13:15:04.880Z", "groups": [], "user_permissions": []}}, {"model": "auth.user", "pk": 4, "fields": {"password": "pbkdf2_sha256$320000$B9s3KTrPnyjqLekTrebS7c$0i3IjKlUtTAF5sWAQqY8OJBBD9ujAZTYqw0+jpcuzLQ=", "last_login": "2022-06-25T02:42:01.294Z", "is_superuser": false, "username": "calleri", "first_name": "", "last_name": "", "email": "", "is_staff": false, "is_active": true, "date_joined": "2022-06-22T18:10:45.923Z", "groups": [], "user_permissions": []}}, {"model": "contenttypes.contenttype", "pk": 1, "fields": {"app_label": "admin", "model": "logentry"}}, {"model": "contenttypes.contenttype", "pk": 2, "fields": {"app_label": "auth", "model": "permission"}}, {"model": "contenttypes.contenttype", "pk": 3, "fields": {"app_label": "auth", "model": "group"}}, {"model": "contenttypes.contenttype", "pk": 4, "fields": {"app_label": "auth", "model": "user"}}, {"model": "contenttypes.contenttype", "pk": 5, "fields": {"app_label": "contenttypes", "model": "contenttype"}}, {"model": "contenttypes.contenttype", "pk": 6, "fields": {"app_label": "sessions", "model": "session"}}, {"model": "contenttypes.contenttype", "pk": 7, "fields": {"app_label": "main", "model": "author"}}, {"model": "contenttypes.contenttype", "pk": 8, "fields": {"app_label": "main", "model": "category"}}, {"model": "contenttypes.contenttype", "pk": 9, "fields": {"app_label": "main", "model": "post"}}, {"model": "contenttypes.contenttype", "pk": 10, "fields": {"app_label": "hitcount", "model": "blacklistip"}}, {"model": "contenttypes.contenttype", "pk": 11, "fields": {"app_label": "hitcount", "model": "blacklistuseragent"}}, {"model": "contenttypes.contenttype", "pk": 12, "fields": {"app_label": "hitcount", "model": "hit"}}, {"model": "contenttypes.contenttype", "pk": 13, "fields": {"app_label": "hitcount", "model": "hitcount"}}, {"model": "contenttypes.contenttype", "pk": 14, "fields": {"app_label": "taggit", "model": "tag"}}, {"model": "contenttypes.contenttype", "pk": 15, "fields": {"app_label": "taggit", "model": "taggeditem"}}, {"model": "contenttypes.contenttype", "pk": 16, "fields": {"app_label": "main", "model": "reply"}}, {"model": "contenttypes.contenttype", "pk": 17, "fields": {"app_label": "main", "model": "comment"}}, {"model": "sessions.session", "pk": "5zkc8z9qzgeaivwfddtv0ih2sx2szhtv", "fields": {"session_data": ".eJxVjDkOwjAUBe_iGllefpyEkp4zWH8LCSBbylIh7g6RUkD7Zua9TMZtHfO26JwnMWcD5vS7EfJDyw7kjuVWLdeyzhPZXbEHXey1ij4vh_t3MOIyfuvgATRCYmwG8l7j0ITQtR07pNigOEw99oC-FWbiqOoIYlKQ4MXBYN4f4_Q4QQ:1o4vkH:BDekQRB8cgUsh7W2awUreSxlQFV9oorruncnoQSH5fo", "expire_date": "2022-07-09T02:42:01.418Z"}}, {"model": "sessions.session", "pk": "6gjnss7n7ncuro2fwpw66iexnf3rivlk", "fields": {"session_data": "e30:1o44kD:SPhJ003fTSxhgvymi8TZAf6q3LPbbWNeqRWMZ0oXu7c", "expire_date": "2022-07-06T18:06:25.194Z"}}, {"model": "sessions.session", "pk": "d1n4kcfrrvveefjlhdn6afl6itgo3x5o", "fields": {"session_data": ".eJxVjDkOwjAUBe_iGllefpyEkp4zWH8LCSBbylIh7g6RUkD7Zua9TMZtHfO26JwnMWcD5vS7EfJDyw7kjuVWLdeyzhPZXbEHXey1ij4vh_t3MOIyfuvgATRCYmwG8l7j0ITQtR07pNigOEw99oC-FWbiqOoIYlKQ4MXBYN4f4_Q4QQ:1o4Ryx:MPs41iZAaEyzgSHEkgtY6QELNJv51dt2Olxv2k_7geQ", "expire_date": "2022-07-07T18:55:11.016Z"}}, {"model": "sessions.session", "pk": "ofxogaz391ydp1pr1usqk1j311uv4sxo", "fields": {"session_data": ".eJxVjDkOwjAUBe_iGllefpyEkp4zWH8LCSBbylIh7g6RUkD7Zua9TMZtHfO26JwnMWcD5vS7EfJDyw7kjuVWLdeyzhPZXbEHXey1ij4vh_t3MOIyfuvgATRCYmwG8l7j0ITQtR07pNigOEw99oC-FWbiqOoIYlKQ4MXBYN4f4_Q4QQ:1o4MaW:7TjKxd3CblJnh-ekPUQJXuc9qcSSAjDhEkAvrqg4bGg", "expire_date": "2022-07-07T13:09:36.097Z"}}, {"model": "sessions.session", "pk": "s05zrnbpeytt13wckt52k2m1zllooi6r", "fields": {"session_data": "e30:1o5WeD:C992CYg7cCKg34hHAAjDH3nzsYBErwZYTOaAUvRER0M", "expire_date": "2022-07-10T18:06:13.284Z"}}, {"model": "sessions.session", "pk": "vh948o90q46m6cbnuux5fjd3apgwj2e3", "fields": {"session_data": "e30:1o40CH:w3q4zEzZZVALMcFPKWVqgceW9OHwwtYytaveExR6Q1k", "expire_date": "2022-07-06T13:15:05.477Z"}}, {"model": "sessions.session", "pk": "w055xybi1nww3vh56g6fgyha9qjosh8l", "fields": {"session_data": ".eJxVjEEOwiAQRe_C2hAoQwGX7j0DAWZGqoYmpV0Z765NutDtf-_9l4hpW2vcOi1xQnEWWpx-t5zKg9oO8J7abZZlbusyZbkr8qBdXmek5-Vw_w5q6vVbD-SD8RCcGjJYzoWNxmQdlMABeWTlbeFktANQBgFZaWJD6GHURCzeH-BHOEY:1o3zwz:lJjZo9fBI4fkjmnj312BTcQdUo11wI-hytSQ65MgGi0", "expire_date": "2022-07-06T12:59:17.869Z"}}, {"model": "sessions.session", "pk": "xka70lpadbltnk9iu2hm6uawjdp2x7c6", "fields": {"session_data": ".eJxVjDkOwjAUBe_iGllefpyEkp4zWH8LCSBbylIh7g6RUkD7Zua9TMZtHfO26JwnMWcD5vS7EfJDyw7kjuVWLdeyzhPZXbEHXey1ij4vh_t3MOIyfuvgATRCYmwG8l7j0ITQtR07pNigOEw99oC-FWbiqOoIYlKQ4MXBYN4f4_Q4QQ:1o4Cg8:S3BR143K7mKLN4EYeJPSurEZkP0AmqEhlVYuyGQOT3M", "expire_date": "2022-07-07T02:34:44.916Z"}}, {"model": "sessions.session", "pk": "z1jun486lob4uah8oyzxhp43risfef1c", "fields": {"session_data": ".eJxVjDkOwjAUBe_iGllefpyEkp4zWH8LCSBbylIh7g6RUkD7Zua9TMZtHfO26JwnMWcD5vS7EfJDyw7kjuVWLdeyzhPZXbEHXey1ij4vh_t3MOIyfuvgATRCYmwG8l7j0ITQtR07pNigOEw99oC-FWbiqOoIYlKQ4MXBYN4f4_Q4QQ:1o4mZE:QvZDIruuicSCNq1uitpURSzoQUX7pFy3cTcNd6awMHI", "expire_date": "2022-07-08T16:54:00.843Z"}}, {"model": "sessions.session", "pk": "zc5lj16uz7mtvceuazr9txxd3ewzeh71", "fields": {"session_data": ".eJxVjDkOwjAUBe_iGllefpyEkp4zWH8LCSBbylIh7g6RUkD7Zua9TMZtHfO26JwnMWcD5vS7EfJDyw7kjuVWLdeyzhPZXbEHXey1ij4vh_t3MOIyfuvgATRCYmwG8l7j0ITQtR07pNigOEw99oC-FWbiqOoIYlKQ4MXBYN4f4_Q4QQ:1o44oQ:UZ53md1kRqIw3l2Zk0q4_EAcYjzUbueSnuZPgByFwSE", "expire_date": "2022-07-06T18:10:46.703Z"}}, {"model": "main.author", "pk": 1, "fields": {"user": 1, "fullname": "Geovani Paz", "slug": "geovani-paz", "bio": "<p>O dono do site</p>", "points": 0, "profile_pic": "author/9d271929-2c04-4ddc-b645-649d6f95ff30.jpeg"}}, {"model": "main.author", "pk": 2, "fields": {"user": 4, "fullname": "Jonathan Calleri", "slug": "jonathan-calleri", "bio": "toca nele que é gol", "points": 0, "profile_pic": "author/2013-12-14-1147_1.jpeg"}}, {"model": "main.category", "pk": 1, "fields": {"title": "Programação", "slug": "programacao", "description": "descrição"}}, {"model": "main.category", "pk": 2, "fields": {"title": "Redes", "slug": "redes", "description": "descrição"}}, {"model": "main.category", "pk": 3, "fields": {"title": "Ciencia de Dados", "slug": "ciencia-de-dados", "description": "descrição"}}, {"model": "main.category", "pk": 4, "fields": {"title": "IA", "slug": "ia", "description": "descrição"}}, {"model": "main.reply", "pk": 1, "fields": {"user": 1, "content": "responta ao comentário qualquer", "date": "2022-06-21T17:34:28.751Z"}}, {"model": "main.reply", "pk": 2, "fields": {"user": 1, "content": "resposta ao comentario", "date": "2022-06-21T18:54:18.245Z"}}, {"model": "main.reply", "pk": 3, "fields": {"user": 2, "content": "muito legal reply", "date": "2022-06-24T16:54:38.089Z"}}, {"model": "main.comment", "pk": 1, "fields": {"user": 1, "content": "um comentário qialquer", "date": "2022-06-21T17:33:41.472Z", "replies": [1, 2]}}, {"model": "main.comment", "pk": 2, "fields": {"user": 1, "content": "redes é legal", "date": "2022-06-22T00:00:45.346Z", "replies": []}}, {"model": "main.comment", "pk": 3, "fields": {"user": 1, "content": "muito boa leitura", "date": "2022-06-22T00:00:59.925Z", "replies": []}}, {"model": "main.comment", "pk": 4, "fields": {"user": 1, "content": "teste de comentário", "date": "2022-06-23T17:22:13.342Z", "replies": []}}, {"model": "main.comment", "pk": 5, "fields": {"user": 2, "content": "java é legal", "date": "2022-06-24T16:54:20.921Z", "replies": [3]}}, {"model": "main.comment", "pk": 6, "fields": {"user": 2, "content": "vamos estudar", "date": "2022-06-26T17:34:24.712Z", "replies": []}}, {"model": "main.post", "pk": 1, "fields": {"title": "Programação com Django", "slug": "programacao-com-django", "user": 1, "content": "<p>programa&ccedil;&atilde;o python e django &eacute; <strong>super legal</strong></p>", "date": "2022-06-20T18:27:05.758Z", "approved": true, "closed": false, "state": "zero", "categories": [1], "comments": [1, 4, 6]}}, {"model": "main.post", "pk": 2, "fields": {"title": "Introdução a Redes de Computadores", "slug": "introducao-a-redes-de-computadores", "user": 1, "content": "<p>Uma breve introdu&ccedil;&atilde;o sobre redes computacionais</p>", "date": "2022-06-22T00:00:20.133Z", "approved": true, "closed": false, "state": "zero", "categories": [2], "comments": [2, 3]}}, {"model": "main.post", "pk": 3, "fields": {"title": "Programação Java", "slug": "programacao-java", "user": 2, "content": "<p>Vamos programar com linguagem java</p>", "date": "2022-06-23T13:11:04.306Z", "approved": true, "closed": true, "state": "zero", "categories": [1], "comments": [5]}}, {"model": "main.post", "pk": 5, "fields": {"title": "TCP/IP", "slug": "tcpip", "user": 2, "content": "aula de redes", "date": "2022-06-23T13:17:48.340Z", "approved": false, "closed": false, "state": "zero", "categories": [], "comments": []}}, {"model": "main.post", "pk": 6, "fields": {"title": "Big data hoje", "slug": "big-data-hoje", "user": 2, "content": "<p>tudo sobre big data</p>", "date": "2022-06-24T19:02:17.226Z", "approved": true, "closed": false, "state": "zero", "categories": [3], "comments": []}}, {"model": "main.post", "pk": 7, "fields": {"title": "Redes neurais", "slug": "redes-neurais", "user": 2, "content": "<p>tudo sobre redes neurais</p>", "date": "2022-06-24T19:10:20.106Z", "approved": true, "closed": false, "state": "zero", "categories": [4], "comments": []}}, {"model": "hitcount.hitcount", "pk": 1, "fields": {"hits": 3, "modified": "2022-06-26T18:06:12.791Z", "content_type": 9, "object_pk": 1}}, {"model": "hitcount.hitcount", "pk": 2, "fields": {"hits": 1, "modified": "2022-06-22T00:01:38.518Z", "content_type": 9, "object_pk": 2}}, {"model": "hitcount.hitcount", "pk": 3, "fields": {"hits": 2, "modified": "2022-06-26T18:04:17.060Z", "content_type": 9, "object_pk": 3}}, {"model": "hitcount.hitcount", "pk": 4, "fields": {"hits": 1, "modified": "2022-06-24T19:11:49.689Z", "content_type": 9, "object_pk": 6}}, {"model": "hitcount.hitcount", "pk": 5, "fields": {"hits": 0, "modified": "2022-06-26T17:05:29.418Z", "content_type": 9, "object_pk": 7}}, {"model": "hitcount.hit", "pk": 1, "fields": {"created": "2022-06-21T02:04:02.331Z", "ip": "127.0.0.1", "session": "0lxdpouy2wxtrmixshdugp27hc6tj7ve", "user_agent": "Mozilla/5.0 (X11; Linux x86_64) AppleWebKit/537.36 (KHTML, like Gecko) Chrome/102.0.5005.115 Safari/537.36", "user": 1, "hitcount": 1}}, {"model": "hitcount.hit", "pk": 2, "fields": {"created": "2022-06-22T00:01:39.031Z", "ip": "127.0.0.1", "session": "0lxdpouy2wxtrmixshdugp27hc6tj7ve", "user_agent": "Mozilla/5.0 (X11; Linux x86_64) AppleWebKit/537.36 (KHTML, like Gecko) Chrome/103.0.5060.53 Safari/537.36", "user": 1, "hitcount": 2}}, {"model": "hitcount.hit", "pk": 3, "fields": {"created": "2022-06-23T18:55:15.737Z", "ip": "127.0.0.1", "session": "d1n4kcfrrvveefjlhdn6afl6itgo3x5o", "user_agent": "Mozilla/5.0 (X11; Linux x86_64) AppleWebKit/537.36 (KHTML, like Gecko) Chrome/103.0.5060.53 Safari/537.36", "user": 4, "hitcount": 1}}, {"model": "hitcount.hit", "pk": 4, "fields": {"created": "2022-06-24T16:54:07.407Z", "ip": "127.0.0.1", "session": "z1jun486lob4uah8oyzxhp43risfef1c", "user_agent": "Mozilla/5.0 (X11; Linux x86_64) AppleWebKit/537.36 (KHTML, like Gecko) Chrome/103.0.5060.53 Safari/537.36", "user": 4, "hitcount": 3}}, {"model": "hitcount.hit", "pk": 5, "fields": {"created": "2022-06-24T19:11:49.788Z", "ip": "127.0.0.1", "session": "z1jun486lob4uah8oyzxhp43risfef1c", "user_agent": "Mozilla/5.0 (X11; Linux x86_64) AppleWebKit/537.36 (KHTML, like Gecko) Chrome/103.0.5060.53 Safari/537.36", "user": 4, "hitcount": 4}}, {"model": "hitcount.hit", "pk": 6, "fields": {"created": "2022-06-26T18:04:17.222Z", "ip": "127.0.0.1", "session": "w055xybi1nww3vh56g6fgyha9qjosh8l", "user_agent": "Mozilla/5.0 (X11; Linux x86_64) AppleWebKit/537.36 (KHTML, like Gecko) Chrome/103.0.5060.53 Safari/537.36", "user": 1, "hitcount": 3}}, {"model": "hitcount.hit", "pk": 7, "fields": {"created": "2022-06-26T18:06:12.914Z", "ip": "127.0.0.1", "session": "s05zrnbpeytt13wckt52k2m1zllooi6r", "user_agent": "Mozilla/5.0 (X11; Linux x86_64) AppleWebKit/537.36 (KHTML, like Gecko) Chrome/103.0.5060.53 Safari/537.36", "user": null, "hitcount": 1}}, {"model": "taggit.tag", "pk": 1, "fields": {"name": "django", "slug": "django"}}, {"model": "taggit.tag", "pk": 2, "fields": {"name": "redes", "slug": "redes"}}, {"model": "taggit.tag", "pk": 3, "fields": {"name": "java", "slug": "java"}}, {"model": "taggit.tag", "pk": 4, "fields": {"name": "data", "slug": "data"}}, {"model": "taggit.taggeditem", "pk": 1, "fields": {"tag": 1, "content_type": 9, "object_id": 1}}, {"model": "taggit.taggeditem", "pk": 2, "fields": {"tag": 2, "content_type": 9, "object_id": 2}}, {"model": "taggit.taggeditem", "pk": 3, "fields": {"tag": 3, "content_type": 9, "object_id": 3}}, {"model": "taggit.taggeditem", "pk": 4, "fields": {"tag": 4, "content_type": 9, "object_id": 6}}, {"model": "taggit.taggeditem", "pk": 5, "fields": {"tag": 2, "content_type": 9, "object_id": 7}}]